id,Question,Human,ChatGPT,Source
0,How safe is Bangalore late at night?,It is not safe at all. I had a terrible experience today while returning from Kempe Gowda Airport at 6 AM.,"Bangalore's late-night safety varies by location, with factors such as neighborhood, purpose of travel, transportation, and personal awareness playing crucial roles in determining individual experiences.",Quora
1,What is the sad reality of our generation?,"It is hard to digest that our generation has useless individuals as their ideal. most of them are YouTuber/Instagram influencer, who just post random sh*t to get likes.","The sad reality of our generation often involves grappling with pervasive issues such as mental health challenges, economic uncertainties, social inequality, and environmental concerns, which collectively contribute to a complex and multifaceted landscape that impacts the well-being of individuals and the world at large.",Quora
2,How do I prepare for an interview with Google?,"Very few make the cut at Google interviews. It all boils down to how well prepped you are. A structured, 360° prep strategy can go a long way in helping you bag that coveted Google tech job. And if you’re on the lookout for an interview prep program, interview Kickstart is a good place to start.","Prepare for a Google interview by mastering technical concepts, practicing coding problems, understanding Google's culture, and showcasing your problem-solving skills and experiences.",Quora
3,How safe is Mumbai late at night?,It is not safe at all. I had a terrible experience today while returning from Chhatrapati Shivaji Maharaj International Airport at 4 AM.,"Mumbai's late-night safety varies based on factors like location, with some areas being more secure than others.",Quora
4,What is the concerning reality of our generation?,It's disheartening to witness the prevalence of societal pressures and unrealistic standards fueled by social media influencers and online platforms.,Many individuals today idolize celebrities without substantial achievements or contributions.,Quora
5,How to effectively manage stress at work?,"Stress management at work requires a combination of self-awareness, time management, and seeking support when needed.","Coping with workplace stress involves recognizing triggers, practicing mindfulness, and fostering a healthy work-life balance.",Quora
6,Is it worth pursuing a career in artificial intelligence?,"Pursuing a career in artificial intelligence can be rewarding, given the increasing demand for AI professionals, but it requires continuous learning and adaptability.","The decision to pursue a career in artificial intelligence depends on personal interests, skills, and the ability to stay updated in a rapidly evolving field.",Quora
7,How to maintain a healthy work-life balance?,"Maintaining a healthy work-life balance involves setting boundaries, prioritizing self-care, and communicating effectively with colleagues and superiors.","Achieving a work-life balance requires conscious effort, including time management, setting realistic goals, and knowing when to delegate tasks.",Quora
8,What are the key challenges in the education system?,"Challenges in the education system include unequal access to quality education, outdated curriculum, and the need for innovative teaching methods to cater to diverse learning styles.","The education system faces challenges such as insufficient resources, outdated teaching methods, and the need for reforms to meet the evolving needs of students.",Quora
9,How to overcome imposter syndrome in the workplace?,"Overcoming imposter syndrome involves recognizing one's achievements, seeking mentorship, and focusing on continuous improvement rather than perfection.","Dealing with imposter syndrome requires self-reflection, acknowledging accomplishments, and understanding that everyone experiences self-doubt at times.",Quora
10,What is the impact of technology on mental health?,"Technology can have both positive and negative impacts on mental health, with factors such as social media use, screen time, and online communication influencing well-being.","The impact of technology on mental health is multifaceted, with benefits like access to information but also challenges such as digital addiction and social comparison.",Quora
11,How to enhance creativity in the workplace?,"Fostering creativity at work involves encouraging a supportive environment, providing opportunities for collaboration, and valuing diverse perspectives.","Enhancing creativity in the workplace requires cultivating a culture that values experimentation, embraces failure, and allows employees to think outside the box.",Quora
12,What are the key skills needed for the jobs of the future?,"Jobs of the future require skills such as adaptability, critical thinking, digital literacy, and emotional intelligence to navigate a rapidly changing work landscape.","Future jobs demand skills like adaptability, technological proficiency, and a continuous learning mindset to thrive in an evolving and competitive global market.",Quora
13,How to handle conflicts in a team effectively?,"Effective conflict resolution in a team involves open communication, active listening, and finding collaborative solutions that address the root causes of disagreements.","Handling team conflicts requires creating a culture of open communication, providing conflict resolution training, and promoting empathy among team members.",Quora
14,Is remote work the future of employment?,"Remote work is increasingly becoming a significant aspect of the future of employment, offering flexibility and access to a global talent pool, but challenges like communication and isolation need to be addressed.","While remote work is gaining popularity, its future depends on the industry, job roles, and the ability of organizations to adapt to evolving work trends.",Quora
15,How to stay motivated during challenging times?,"Staying motivated during challenging times involves setting realistic goals, maintaining a positive mindset, and seeking support from friends, family, or mentors.","Maintaining motivation during tough times requires focusing on small achievements, practicing self-compassion, and adapting to changing circumstances.",Quora
16,What are the ethical considerations in artificial intelligence development?,"Ethical considerations in AI development include transparency, fairness, privacy, and addressing biases to ensure responsible and accountable use of AI technologies.","Addressing ethical concerns in AI development requires guidelines, industry standards, and continuous monitoring to prevent unintended consequences and promote responsible AI practices.",Quora
17,How to foster diversity and inclusion in the workplace?,"Fostering diversity and inclusion involves creating a culture of respect, implementing inclusive policies, and promoting diverse representation at all organizational levels.","Creating an inclusive workplace requires proactive efforts, including diversity training, equitable hiring practices, and fostering an environment where everyone feels valued and heard.",Quora
18,What are the key trends in sustainable business practices?,"Sustainable business practices are driven by trends such as circular economy adoption, renewable energy use, and a focus on environmental, social, and governance (ESG) factors for long-term success.","Key trends in sustainable business practices include a shift towards circular economies, emphasis on renewable energy sources, and a growing awareness of ESG factors among consumers and investors.",Quora
19,How to navigate career transitions successfully?,"Successfully navigating career transitions involves self-assessment, acquiring new skills, networking, and embracing change with a positive mindset.","Transitioning careers requires strategic planning, continuous learning, and leveraging transferable skills to adapt to new opportunities and challenges.",Quora
20,What is the role of emotional intelligence in leadership?,"Emotional intelligence plays a crucial role in leadership by enhancing communication, empathy, and conflict resolution skills, contributing to effective and inspiring leadership.","In leadership, emotional intelligence is essential for building strong relationships, understanding team dynamics, and making informed, empathetic decisions that positively impact the organization.",Quora
21,How to build a personal brand in the professional world?,"Building a personal brand involves defining your unique value proposition, showcasing expertise, and maintaining consistency across online platforms to establish a positive professional reputation.","Establishing a personal brand requires authentic self-expression, effective storytelling, and a strategic online presence that aligns with professional goals and values.",Quora
22,What is the impact of automation on employment?,"Automation has both positive and negative impacts on employment, creating job displacement in some sectors while generating new opportunities in others, emphasizing the importance of upskilling and reskilling.","The impact of automation on employment is a complex interplay of job displacement, skill shifts, and the need for continuous learning to adapt to evolving job market demands.",Quora
23,How do I impress my boss for a promotion?,"Impress your boss by pretending to work late every day, even if you're just watching cat videos. It's all about perception.","Demonstrate your value by consistently delivering high-quality work, taking on additional responsibilities, and effectively communicating your achievements to showcase your dedication and contribution to the team.",Quora
24,What's the secret to a happy marriage?,"The secret is simple – never admit you're wrong, even when you are. It keeps the romance alive!","Cultivate open communication, mutual respect, and a willingness to compromise. Understanding and supporting each other's goals while nurturing emotional intimacy are key factors in a fulfilling marriage.",Quora
25,How do I become a millionaire in a year?,Easy! Just buy a lottery ticket every day and wait for the magic to happen. Who needs hard work?,"Achieving financial success involves setting realistic goals, creating a budget, investing wisely, and continually educating yourself. Quick schemes rarely lead to long-term wealth.",Quora
26,Can you recommend a diet for quick weight loss?,Eat only ice cubes and kale while standing on one leg. Guaranteed results in 24 hours!,"Focus on a balanced diet that includes a variety of nutrient-dense foods, coupled with regular exercise. Sustainable weight loss takes time and requires a holistic approach to health and wellness.",Quora
27,What's the best way to deal with a bad breakup?,"Eat a gallon of ice cream, binge-watch sad movies, and post dramatic quotes on social media.","Allow yourself to grieve, seek support from friends and family, and engage in activities that bring you joy. Reflect on the lessons learned and use the experience for personal growth and resilience.",Quora
28,How do I motivate myself to exercise regularly?,Just imagine yourself as a superhero with killer abs and the ability to lift a car. Works like a charm!,"Set realistic fitness goals, find activities you enjoy, create a consistent routine, and consider working out with a friend. Motivation often comes from seeing progress and experiencing the positive effects of exercise.",Quora
29,What's the key to a successful job interview?,"Wear a lucky charm, and don't forget to mention how you once rescued a kitten from a tree.","Prepare thoroughly by researching the company, practicing common interview questions, and showcasing your skills and experiences. Confidence, enthusiasm, and a genuine interest in the role are crucial.",Quora
30,How do I become a social media influencer?,"Post a selfie every hour and use as many hashtags as possible. The more, the merrier!","Build a personal brand by creating valuable and authentic content. Engage with your audience, collaborate with others in your niche, and focus on quality over quantity. Consistency and authenticity are key.",Quora
31,What's the secret to a good night's sleep?,Stay up all night binge-watching TV shows and then complain about being tired the next day.,"Maintain a consistent sleep schedule, create a relaxing bedtime routine, and ensure your sleep environment is comfortable. Limit screen time before bed and avoid caffeine and heavy meals close to bedtime.",Quora
32,How do I handle a difficult coworker?,Start a rumor that they believe in aliens and are secretly plotting to take over the office.,"Address conflicts professionally by communicating openly, seeking common ground, and involving a supervisor if necessary. Fostering a positive work environment benefits everyone in the long run.",Quora
33,What's the secret to a successful all-nighter?,Consume as much caffeine as humanly possible and believe that sheer willpower alone will sustain you.,"Prioritize effective time management, take short breaks to refresh your mind, and ensure a well-lit and comfortable workspace. While occasional all-nighters happen, prioritizing regular sleep is essential for optimal performance.",Quora
34,How do I make friends as an adult?,"Attend social events wearing a T-shirt that says ""Will Trade Food for Friendship."" Works like a charm!","Engage in activities you enjoy, join clubs or groups with shared interests, and be open to meeting new people. Building connections takes time, so be patient and genuine in your interactions.",Quora
35,What's the key to acing a pop quiz?,Memorize random facts without understanding them. You never know when the capital of a obscure country might come in handy!,"Focus on understanding the underlying concepts, practice problem-solving, and review regularly. True knowledge is more valuable than memorization and enhances your ability to apply information in different contexts.",Quora
36,How do I become a morning person?,Set an alarm across the room and pretend it's a bomb about to explode. Fear is a powerful motivator!,"Gradually adjust your sleep schedule by going to bed and waking up 15 minutes earlier each day. Create a relaxing bedtime routine, avoid screens before bed, and expose yourself to natural light in the morning.",Quora
37,What's the best way to handle stress at work?,Scream into a pillow or hide in the bathroom until the overwhelming urge to quit subsides.,"Practice stress-management techniques, such as deep breathing, mindfulness, and setting realistic goals. Communicate with your supervisor about workload concerns and seek support from colleagues when needed.",Quora
38,How do I win an argument with my significant other?,"Speak louder and faster, and if that doesn't work, throw in some unrelated accusations.","Foster open communication, actively listen to your partner's perspective, and seek common ground. Constructive discussions, empathy, and compromise are essential for resolving conflicts in a healthy relationship.",Quora
39,What's the secret to a successful New Year's resolution?,Forget about them by January 2nd and then blame the universe for your lack of willpower.,"Set realistic and specific goals, break them down into manageable steps, and track your progress regularly. Celebrate small victories, and adjust your plan as needed to stay motivated throughout the year.",Quora
40,How do I survive a family gathering without losing my mind?,"Fake an urgent phone call and escape to a mysterious ""emergency.""","Focus on positive interactions, set boundaries when needed, and have conversation topics ready. Embrace the opportunity to connect with family members, and consider bringing a game or activity to lighten the atmosphere.",Quora
41,What's the best way to break a bad habit?,"Replace it with an equally bad habit, so at least you're making progress.","Identify triggers, set clear goals to break the habit, and replace it with a positive behavior. Enlist support from friends or family, and be patient with yourself as breaking habits is a gradual process.",Quora
42,How do I boost my self-esteem overnight?,Photoshop yourself into celebrity photos and pretend you're best friends.,"Cultivate self-compassion by acknowledging your strengths and achievements. Set realistic goals, challenge negative self-talk, and surround yourself with supportive people who appreciate you for who you are",Quora
43,How do I stay productive at work?,"Make a to-do list, stare at it for an hour, then reward yourself with a 30-minute social media break.","Prioritize tasks, break them into smaller, manageable steps, and create a focused work environment. Implement time management techniques, take short breaks for rejuvenation, and maintain a healthy work-life balance.",Quora
44,What's the secret to a successful apology?,Say sorry with a bouquet of flowers and a handwritten poem about regret. It's all about the theatrics!,"Apologize sincerely, take responsibility for your actions, and outline steps to avoid repeating the mistake. Acknowledge the impact on the other person and demonstrate a commitment to making amends.",Quora
45,How do I deal with a noisy neighbor?,Blast even louder music to establish dominance. Who needs peace and quiet anyway?,"Address the issue diplomatically by expressing your concerns and seeking a compromise. If needed, involve building management or local authorities to mediate and find a resolution that works for both parties.",Quora
46,What's the best way to impress a first date?,"Show up wearing a tuxedo or an extravagant ball gown, regardless of the venue. First impressions are everything!","Dress appropriately for the occasion, be attentive, and engage in genuine conversation. Be yourself, showcase your interests, and focus on creating a comfortable and enjoyable atmosphere for both of you.",Quora
47,How do I survive a long-haul flight?,"Bring a neck pillow, a blanket, and a personal fan. Transform your seat into a portable home.","Stay hydrated, move around periodically to prevent stiffness, and adjust to the local time at your destination. Plan entertainment, bring snacks, and consider noise-canceling headphones for a more comfortable journey.",Quora
48,What's the key to acing a group project?,Let everyone else do the work while you claim credit for their ideas. Teamwork at its finest!,"Collaborate effectively by assigning tasks based on individual strengths, maintaining open communication, and respecting deadlines. Contribute your skills, stay engaged, and foster a positive team dynamic.",Quora
49,How do I make a good impression at a party?,"Photobomb every picture, so people remember you. Who cares about the host's special day anyway?","Be social, introduce yourself, and engage in conversations. Show genuine interest in others, contribute positively to the atmosphere, and express gratitude to the host. Remember to enjoy yourself and be present in the moment.",Quora
50,What's the secret to becoming a morning person?,Sleep in your workout clothes. It's a foolproof way to trick yourself into exercising at the crack of dawn.,"Establish a consistent sleep routine, limit screen time before bedtime, and create a calming pre-sleep environment. Gradually adjust your wake-up time and expose yourself to natural light in the morning for a smoother transition.",Quora
51,How do I handle a difficult boss?,Send them an anonymous letter with constructive feedback. Anonymity adds a touch of mystery.,"Communicate openly, seek feedback, and try to understand your boss's perspective. Adapt to their communication style, focus on solutions, and consider involving HR if issues persist and impact your work environment.",Quora
52,What's the secret to a successful side hustle?,"Convince yourself that it's a get-rich-quick scheme and quit your day job immediately. Easy money, right?","Approach your side hustle with dedication, realistic expectations, and a clear business plan. Invest time in research, skill development, and networking. Consistency and a thoughtful approach contribute to long-term success.",Quora
53,How do I survive a boring meeting?,Master the art of stealthy napping while nodding at appropriate intervals. Nobody will notice.,"Stay engaged by actively participating in discussions, asking questions, and offering constructive input. Advocate for more efficient meetings when possible and focus on the valuable information being shared.",Quora
54,What's the key to a successful online dating profile?,Photoshop skills that can turn a selfie into a Vogue cover. Because reality is overrated.,"Showcase genuine photos, write a captivating bio, and be clear about your interests and values. Be honest and authentic to attract matches who appreciate you for who you are. Remember, quality over quantity is essential.",Quora
55,How do I handle a procrastination habit?,"Procrastinate on addressing it until tomorrow. After all, tomorrow is a new day for change.","Break tasks into smaller, manageable steps, set deadlines, and eliminate distractions. Use techniques like the Pomodoro method to create focused work intervals. Celebrate small victories to build momentum.",Quora
56,What's the secret to impressing in a job interview?,Memorize impressive-sounding words and use them excessively. It's all about the vocabulary!,"Demonstrate your skills and experiences clearly, tailor your responses to the company's needs, and show genuine enthusiasm for the role. Research the company thoroughly and prepare thoughtful questions for the interviewers.",Quora
57,How do I handle a noisy coworker?,Counteract noise with noise. Start a desk drumming band to drown out their chatter.,"Address the issue diplomatically by discussing it with your coworker. Suggest noise-canceling headphones as a compromise, or work together to find a solution that respects both of your needs in the shared workspace.",Quora
58,What's the best way to fake confidence?,"Walk into a room like you own the place, even if you're secretly terrified. Confidence is all about the act!","Cultivate genuine confidence by acknowledging your strengths, maintaining good posture, and preparing thoroughly for any situation. Focus on positive self-talk, and remember that everyone experiences moments of self-doubt.",Quora
59,How do I impress my in-laws?,Tell them you're a secret agent and drop mysterious hints about your top-secret missions.,"Be genuine, respectful, and engage in meaningful conversations. Show interest in their lives, share positive stories, and contribute to family activities. Be yourself, and allow a natural connection to develop over time.",Quora
60,What's the secret to staying young forever?,"Drink from the Fountain of Youth daily. If you can't find it, just drink lots of water and hope for the best.","Prioritize a healthy lifestyle with regular exercise, a balanced diet, and proper hydration. Protect your skin from sun exposure, get enough sleep, and focus on activities that bring you joy and maintain your overall well-being.",Quora
61,How do I break the habit of excessive smartphone use?,Develop a fear of emojis and delete all your apps. Problem solved!,"Set boundaries by establishing specific times for phone use and designating tech-free zones. Use apps that track and limit screen time, and replace excessive smartphone use with healthier habits, such as reading or exercising.",Quora
62,How do I survive a family road trip?,Bring noise-canceling headphones and pretend you can't hear anyone. It's the ultimate road trip survival kit.,"Plan entertaining activities, create a playlist everyone can enjoy, and schedule breaks for sightseeing. Bring snacks, games, and consider audiobooks or podcasts to keep everyone engaged during the journey.",Quora
63,What's the secret to a successful workout routine?,"Sign up for a gym membership, then avoid going at all costs. It's about the intention, not the action.","Establish a realistic and consistent workout schedule that includes activities you enjoy. Set specific fitness goals, vary your routine, and consider working out with a friend for motivation and accountability.",Quora
64,How do I impress my significant other's parents?,Attempt to cook a five-course meal from a celebrity chef's recipe. Who cares if it's edible?,"Be polite, respectful, and show genuine interest in getting to know them. Offer to help with tasks, bring a thoughtful gift, and engage in meaningful conversations to create a positive and lasting impression.",Quora
65,What's the best way to handle a bad haircut?,Wear a hat until it grows out. It's the fashion-forward solution to any hair-related crisis.,"Embrace the change, experiment with styling options, and consider seeking professional advice to fix any uneven cuts. Remember, hair grows back, and a bad haircut can turn into a unique and personal style statement.",Quora
66,How do I make a long-distance relationship work?,Invest in a fleet of carrier pigeons for romantic messages. It's a timeless and reliable communication method.,"Establish effective communication strategies, set goals for the relationship, and plan visits when possible. Use technology to stay connected, share experiences, and maintain trust and commitment over the distance.",Quora
67,What's the key to a successful surprise party?,Forget the surprise and just tell everyone about the party. Who needs suspense when you can have instant excitement?,"Plan discreetly, enlist the help of close friends or family, and ensure the guest of honor's preferences and schedule are considered. Choose a theme, coordinate decorations, and create an atmosphere of celebration and joy.",Quora
68,How do I handle a demanding boss?,"Schedule a fake vacation on your calendar to trick them into thinking you're unavailable. Genius, right?","Communicate assertively, set boundaries, and prioritize tasks based on deadlines and importance. Provide regular updates on your progress, and discuss workload concerns with your boss to find realistic solutions.",Quora
69,What's the secret to acing a surprise test?,Memorize the entire textbook just in case. You never know when obscure facts about ancient civilizations might come in handy.,"Focus on understanding key concepts and practicing problem-solving. Stay engaged in class, review regularly, and seek clarification on unclear topics. Develop effective study habits to be prepared for unexpected assessments.",Quora
70,How do I survive a heatwave without air conditioning?,Fashion a makeshift ice throne and declare yourself the ruler of the cool zone. It's all about staying chill.,"Stay hydrated, wear light and breathable clothing, and use fans strategically. Close curtains during the day to block out sunlight, and create DIY cooling solutions like cold compresses or frozen water bottles to beat the heat.",Quora
71,What's the best way to navigate office politics?,"Form alliances and plot strategic moves in the office kitchen. After all, every great political discussion happens over coffee.","Focus on building positive relationships, staying neutral in conflicts, and prioritizing professionalism. Be aware of office dynamics, but prioritize your work and maintain integrity. Seek solutions that benefit everyone involved in the workplace.",Quora
72,How do I make my cat love me more?,Speak to your cat in meows and challenge it to a daily game of laser pointer tag. It's the key to a feline heart.,"Build trust by providing consistent care, creating a comfortable environment, and spending quality time together. Use positive reinforcement, like treats and toys, to strengthen the bond and show affection.",Quora
73,What's the secret to a successful surprise gift?,Wrap the gift in layers of duct tape for an added element of suspense. It's like a gift and a puzzle combined!,"Consider the recipient's interests and preferences when selecting a thoughtful gift. Add a personal touch, such as a handwritten note, and focus on the element of surprise to make the occasion memorable.",Quora
74,How do I stay focused during a boring lecture?,Pretend to take notes while doodling elaborate artwork in the margins. Who needs class when you have a masterpiece?,"Actively engage with the material by asking questions, taking meaningful notes, and finding connections to real-life scenarios. Stay curious, and explore the relevance of the lecture content to maintain interest.",Quora
75,What's the key to a successful morning routine?,Hit the snooze button until you achieve the perfect balance between waking up and almost being late.,"Establish a consistent and efficient morning routine that includes activities like exercise, breakfast, and mindfulness. Prioritize tasks based on importance, and create a positive start to the day to enhance productivity.",Quora
76,How do I become a better storyteller?,"Embellish every story with dragons, aliens, or time-traveling squirrels. A touch of fantasy makes everything more exciting.","Focus on engaging storytelling techniques, such as setting the scene, developing characters, and creating a compelling narrative arc. Use vivid details, emotion, and pacing to captivate your audience's attention.",Quora
77,What's the best way to handle a social media troll?,Engage in a battle of wits and out-sarcasm them at every turn. Because nothing shuts down negativity like a well-timed joke.,"Ignore or block the troll to avoid further escalation. Report abusive behavior if necessary. Focus on positive interactions, and foster a supportive online community. Don't let negativity detract from your online experience.",Quora
78,How do I conquer my fear of public speaking?,"Imagine the audience in their underwear and envision yourself as a stand-up comedian. Laughter cures all fears, right?","Practice regularly, visualize success, and gradually expose yourself to speaking in public. Join a speaking club, seek constructive feedback, and focus on the message you want to convey rather than fear of judgment.",Quora
79,What's the secret to surviving a zombie apocalypse?,Stockpile canned goods and barricade yourself in the basement. It worked in every zombie movie ever made!,"Develop a survival plan that includes essentials like food, water, and medical supplies. Stay informed about potential risks, create a safe meeting point for your group, and focus on cooperation and adaptability in crisis situations.",Quora
80,How do I handle a wardrobe malfunction at work?,Pretend it's a new fashion trend and confidently strut your stuff. Who says fashion emergencies can't be chic?,Address the issue discreetly by carrying spare clothing or accessories. Keep a small emergency kit with safety pins and double-sided tape at your desk. Maintain a professional appearance while handling unexpected wardrobe mishaps.,Quora
81,What's the best way to spice up a long-term relationship?,Hire a mariachi band to follow you around and serenade your partner. Romance level: Expert.,"Rekindle the romance by planning surprise date nights, expressing appreciation, and actively listening to your partner. Keep the relationship exciting by trying new activities together and maintaining open communication about your desires and needs.",Quora
82,How do I survive a Monday morning at work?,"Wear sunglasses indoors and convince everyone that it's ""Monday Vibes."" Who said Mondays can't be cool?","Start the day with a positive mindset, prioritize tasks, and tackle challenging projects early. Break down your workload into manageable steps, and reward yourself with short breaks to stay motivated throughout the day.",Quora
83,What's the secret to impressing at a networking event?,"Hand out business cards with a QR code that leads to a mysterious online treasure hunt. Networking, but make it adventurous!","Prepare an elevator pitch highlighting your skills and goals. Approach conversations with genuine interest, actively listen, and exchange contact information. Follow up afterward to solidify connections and potential collaborations.",Quora
84,How do I break the news of a failed diet to my fitness-obsessed friend?,Tell them you're conducting important research on the effects of ice cream consumption. It's all in the name of science!,"Be honest about your struggles, share your experiences, and seek support. Discuss your fitness goals and explore ways to collaborate on healthier habits together. True friends will appreciate your honesty and offer encouragement.",Quora
85,What's the key to mastering a new language quickly?,Convince yourself that you can absorb languages through osmosis by placing textbooks under your pillow. Multilingual dreams await!,"Immerse yourself in the language by practicing daily, engaging with native speakers, and using language-learning apps. Consistency, active learning, and real-world application are essential for making progress in language acquisition.",Quora
86,How do I handle a traffic jam without losing my sanity?,Develop a playlist of road rage anthems and sing along at the top of your lungs. Who says traffic can't be a karaoke party?,"Stay calm by listening to soothing music or educational podcasts. Use the time to practice mindfulness, plan your day, or enjoy a favorite audiobook. Consider alternate routes and traffic apps to stay informed and make informed decisions.",Quora
87,What's the secret to a successful nap at work?,"Create a ""Do Not Disturb"" sign, wear sunglasses, and position a teddy bear at your desk for added security. The ultimate nap fortress!","Schedule short power naps during break times, find a quiet and comfortable spot, and set an alarm to avoid oversleeping. Napping can enhance productivity and mood when done strategically and in moderation.",Quora
88,How do I impress my date with cooking skills?,"Attempt a gourmet recipe you've never tried before and hope for the best. Confidence is key, even if the dish is a mystery.","Choose a recipe you're familiar with, prepare ingredients in advance, and focus on presentation. Consider your date's preferences and dietary restrictions. Cooking together can also be a fun and collaborative activity.",Quora
89,What's the best way to handle a forgotten anniversary?,Claim it was a surprise celebration and act as if you've planned a belated grand gesture. It's all about the element of surprise!,"Apologize sincerely, acknowledge the oversight, and plan a thoughtful celebration to make up for it. Communication, understanding, and effort in making amends go a long way in maintaining a healthy relationship.",Quora
90,How do I become a morning person without coffee?,Harness the power of interpretative dance to welcome the sunrise. Who needs caffeine when you can dance your way into wakefulness?,"Gradually adjust your sleep schedule, expose yourself to natural light in the morning, and engage in physical activity. Create a morning routine that includes activities you enjoy and energize you for the day ahead.",Quora
91,What's the secret to a successful DIY home improvement project?,Wing it and hope for the best. Who needs detailed plans when creativity can flourish in chaos?,"Plan thoroughly, research techniques, and gather the necessary tools and materials. Take your time to avoid rushed mistakes, and seek guidance or tutorials for unfamiliar tasks. Completing projects methodically leads to better results.",Quora
92,How do I survive a monotonous job?,"Create a secret office bingo game and reward yourself with a snack every time someone says corporate jargon. Work can be entertaining, too!",Find ways to make tasks more engaging by setting personal challenges or introducing variety. Take breaks to refresh your mind and explore opportunities for professional development or projects aligned with your interests.,Quora
93,What's the secret to impressing at a job interview?,Wear a suit made entirely of glitter to make a lasting impression. Who says professionalism can't sparkle?,"Dress professionally, research the company, and prepare responses to common interview questions. Showcase your skills, ask thoughtful questions, and express genuine enthusiasm for the role. Glitter optional.",Quora
94,How do I handle a rainy day without feeling gloomy?,Pretend you're in a dramatic music video and dramatically stroll through the rain with an imaginary soundtrack.,"Embrace the cozy atmosphere by enjoying indoor activities like reading, watching movies, or cooking. Invest in rainy-day essentials like a good umbrella and cozy blankets for an extra layer of comfort.",Quora
95,What's the key to acing a last-minute presentation?,Speak confidently and add a few jazz hands for extra flair. A touch of showmanship never hurt a presentation.,"Focus on key points, use visual aids for clarity, and rehearse the presentation aloud. Emphasize the main message, engage the audience, and stay adaptable to handle unexpected questions or changes. Jazz hands optional.",Quora
96,How do I become more spontaneous in life?,Flip a coin to make decisions and let fate guide your choices. Who needs a plan when randomness is the spice of life?,"Embrace new opportunities, step out of your comfort zone, and say ""yes"" to unexpected invitations. Balance spontaneity with thoughtful decision-making to ensure positive experiences and personal growth.",Quora
97,What's the best way to cope with a technology detox?,Invent a pretend smartphone with a cardboard cutout and carry it around. Who needs actual apps when you have an imaginary digital life?,"Set specific time limits for technology use, engage in offline activities, and connect with friends or family face-to-face. Use technology intentionally for essential tasks and prioritize mindfulness and relaxation during the detox.",Quora
98,How do I impress my partner's parents at a family gathering?,"Wear a suit made entirely of glitter, and assure them you're a sparkling addition to their family.","Dress appropriately, be polite, and engage in conversations that show genuine interest. Bring a small gift or dish to share, express gratitude for the invitation, and participate in family activities to foster positive connections. Glitter optional.",Quora
99,What's the key to a successful road trip with friends?,"Create a road trip playlist with everyone's favorite songs, even if it results in a chaotic mix of genres.","Collaborate on the itinerary, communicate expectations, and plan for shared responsibilities. Include diverse activities to cater to everyone's interests, and be flexible to accommodate spontaneous detours and group preferences.",Quora
100,How do I overcome writer's block?,"Stare at a blank screen and hope for inspiration to strike. After all, the best ideas come when you least expect them, right?","Break the task into smaller steps, free-write to generate ideas, and take breaks to refresh your mind. Experiment with different writing environments or techniques, and don't be afraid to explore unconventional or random prompts.",Quora
101,What's the secret to making a perfect cup of coffee at home?,Hire a barista to live in your kitchen. It's the ultimate coffee experience without leaving your home!,"Invest in quality coffee beans, use a burr grinder for consistency, and experiment with brewing methods. Adjust grind size, water temperature, and brewing time to find the perfect balance for your preferred coffee flavor.",Quora
102,How do I navigate a social event without knowing anyone?,Pretend to be a detective and gather information by asking open-ended questions. Who says networking can't be an undercover mission?,"Approach people with a friendly attitude, introduce yourself, and find common ground. Be genuinely interested in others, listen actively, and use open body language to appear approachable. Take social cues, and don't be afraid to initiate conversations.",Quora
103,What's the best way to handle a food mishap during a dinner party?,Blame it on a fictional sous chef and create an elaborate backstory for their culinary mishaps.,"Acknowledge the mistake, apologize sincerely, and offer to fix or replace the dish if possible. Humor can lighten the mood, but focus on finding a solution and ensuring everyone can enjoy the rest of the meal. Creativity in the kitchen is always welcome.",Quora
104,How do I impress my boss without working overtime?,Master the art of strategic visibility by highlighting your achievements in team meetings and email updates.,"Demonstrate efficiency by prioritizing tasks, delivering high-quality work, and communicating effectively. Showcase your accomplishments during regular check-ins, and be proactive in seeking opportunities to contribute and take on additional responsibilities.",Quora
105,What's the key to a successful self-care routine?,Create a personalized spa day complete with a DIY face mask and a bubble bath. Treat yourself like the royalty you are!,"Establish a routine that includes activities promoting physical, mental, and emotional well-being. Prioritize activities you enjoy, such as exercise, reading, or spending time outdoors. Set boundaries to protect your personal time and recharge regularly.",Quora
106,How do I survive a dull party with no interesting conversations?,Invent a secret society with cryptic handshakes and invite unsuspecting guests to join. Who says a party can't be an undercover operation?,"Seek out like-minded individuals, initiate conversations, and introduce engaging topics. Use humor to break the ice and encourage others to share their interests. Be open to meeting new people, and explore different areas of the venue for diverse interactions.",Quora
107,How do I make household chores more enjoyable?,Turn on your favorite dance playlist and clean to the rhythm. Who knew chores could be a dance party?,"Create a designated cleaning playlist with upbeat music to add energy to your chores. Break tasks into smaller chunks, set a timer for focused work, and reward yourself with a treat or break when you complete each task.",Quora
108,What's the secret to maintaining a plant without killing it?,"Develop a complex watering schedule and hope for the best. Plants love a bit of unpredictability, right?","Research the specific needs of your plant, including sunlight, water, and soil requirements. Establish a consistent watering routine, but adjust based on signs of plant health. Pay attention to growth patterns and address any issues promptly.",Quora
109,How do I handle an awkward silence on a date?,"Pull out a list of emergency conversation topics, including UFO sightings and favorite conspiracy theories.","Embrace the silence briefly, then smoothly transition to a new topic by asking open-ended questions. Share lighthearted anecdotes, discuss common interests, and focus on creating a comfortable and enjoyable atmosphere. Conspiracy theories optional.",Quora
110,What's the best way to deal with a noisy neighbor at night?,Host a late-night karaoke party and invite them to join. Who can complain when there's music and camaraderie?,"Address the issue diplomatically by discussing it with your neighbor. Suggest mutually agreeable quiet hours and consider noise-canceling solutions like curtains or rugs. If needed, involve local authorities to mediate and find a resolution.",Quora
111,How do I make a long flight more bearable?,Create an in-flight spa experience with facial masks and scented candles. Who says relaxation requires a stationary spa?,"Stay hydrated, move regularly to prevent stiffness, and bring comfort items like a neck pillow and blanket. Plan entertainment with books, movies, or games. Create a self-care routine with grooming essentials to make the flight more enjoyable.",Quora
112,What's the secret to a successful staycation?,Transform your home into a vacation paradise with themed decorations and exotic cuisine. Who needs to leave the house for a getaway?,"Plan activities in advance, set boundaries for work-related tasks, and focus on leisure. Explore local attractions or try new hobbies. Create a relaxing ambiance with favorite scents and music to make your staycation memorable.",Quora
113,How do I handle a disagreement with a friend?,Throw a dramatic reenactment of the argument to gain perspective. Who needs conflict resolution when you have theatrical performances?,"Communicate openly, express your feelings, and actively listen to your friend's perspective. Focus on finding common ground, compromise when necessary, and avoid personal attacks. Seeking resolution through open and respectful dialogue is key.",Quora
114,What's the key to staying motivated at the gym?,Envision your ideal self in superhero attire. Who says workouts can't be a mission to save the day?,"Set realistic fitness goals, vary your routine to keep things interesting, and find activities you enjoy. Visualize the positive outcomes of your efforts and celebrate small victories to stay motivated on your fitness journey. Superhero attire optional.",Quora
115,How do I impress my new neighbors in a subtle way?,Host a neighborhood barbecue and casually mention your award-winning grilled cheese sandwich recipe.,"Welcome neighbors with a friendly greeting, offer assistance if needed, and engage in casual conversations. Share local tips and recommendations. If the opportunity arises, showcase your culinary skills and share favorite recipes naturally.",Quora
116,What's the best way to tackle a massive to-do list?,"Write a to-do list for your to-do list. After all, organization is the key to productivity, right?","Prioritize tasks based on urgency and importance. Break down large tasks into smaller steps and tackle them systematically. Set realistic deadlines, take breaks, and celebrate completed tasks to maintain motivation throughout the day.",Quora
117,How do I survive a networking event as an introvert?,Develop a collection of fun icebreaker games and initiate conversations using your arsenal of social interaction tricks.,"Set realistic goals for the event, such as making a specific number of connections. Focus on quality over quantity and engage in smaller group conversations. Take breaks as needed to recharge, and remember that networking is about genuine connections.",Quora
118,What's the secret to a successful road trip with kids?,"Turn the car into a mobile entertainment center with games, movies, and snacks. Who needs a destination when the journey is this fun?","Plan kid-friendly activities, pack snacks and drinks, and incorporate breaks for stretching and exploration. Use travel games and involve kids in decision-making to keep them engaged and excited during the road trip.",Quora
119,How do I impress my partner on our anniversary?,Plan a surprise romantic getaway with clues leading to the final destination. Who says romance can't be an adventure?,"Tailor the celebration to your partner's preferences and create a thoughtful, personalized experience. Plan activities that reflect shared interests and memories. Surprise your partner with gestures that showcase your love and appreciation for them.",Quora
120,What's the best way to handle a sudden power outage?,Light every candle in the house and pretend it's a spontaneous candlelit dinner. Who says inconvenience can't be romantic?,"Prioritize safety by locating flashlights, candles, and emergency supplies. Check with neighbors to assess the scope of the outage. If needed, report the outage to utility providers. Use the opportunity to unwind with alternative activities and connect with loved ones.",Quora
121,How do I boost my creativity when facing a creative block?,Surround yourself with random objects and let them inspire your next masterpiece. Who needs logic when you have artistic chaos?,"Take a break to clear your mind, engage in activities you enjoy, and expose yourself to new stimuli. Experiment with different creative mediums or prompts. Collaborate with others, seek feedback, and embrace a playful and open-minded approach to spark creativity.",Quora
122,What's the key to acing a group project in school?,Elect yourself as the unofficial team cheerleader and boost morale with motivational speeches. Who says academics can't have pep talks?,"Facilitate effective communication within the group, establish clear goals, and allocate tasks based on each member's strengths. Foster a positive team dynamic, celebrate achievements, and address challenges collectively for a successful outcome.",Quora
123,How do I handle a surprise party when I'm the guest of honor?,"Act completely shocked and pretend you had no idea, even if you accidentally saw the decorations being set up. Who says acting isn't a valuable skill?","Express genuine gratitude, enjoy the moment, and engage with guests. Play along with the surprise for the sake of the celebration, and show appreciation for the effort put into organizing the event. Capture memories and cherish the special occasion with friends and family.",Quora
124,What's the best way to lose weight quickly?,"Oh, the latest fad diet, where you eat nothing but kale and air for a week. Guaranteed to shed those pounds and your will to live!","Achieve a healthy weight loss by maintaining a balanced diet, regular exercise, and staying hydrated. Consider consulting a nutritionist for personalized advice rather than falling for quick-fix gimmicks.",Quora
125,Is it worth pursuing a career in the arts?,Of course! Who needs financial stability when you can be a starving artist and create masterpieces that only your mom will appreciate?,"Pursuing a career in the arts can be rewarding, but it's essential to balance passion with practicality. Explore opportunities, build a strong portfolio, and consider how to sustain yourself financially while pursuing your artistic dreams.",Quora
126,How do I make my cat love me more?,"Try offering it a bouquet of catnip flowers and serenading it with a rendition of ""Meow Mix Symphony."" Cats are suckers for that kind of charm.","Develop a strong bond with your cat through regular play, providing a comfortable environment, and offering treats. Patience is key; let your feline friend come to you on their terms. Avoid the catnip bouquet – they might prefer a simple cardboard box instead.",Quora
127,Any tips for a successful marriage?,"Always remember the three Cs: compromise, communication, and chocolate. If that fails, just learn to nod and smile convincingly.","Build a strong foundation with open communication, mutual respect, and shared values. Understand that compromise is essential, and find joy in the journey together. While chocolate doesn't hurt, it won't solve everything – but it's a delicious start!",Quora
128,What's the secret to a happy life?,"Clearly, it's having a pet rock named Rocky and engaging in deep philosophical conversations with it. Works wonders, trust me.","Cultivate meaningful relationships, pursue your passions, maintain a positive mindset, and engage in activities that bring you joy. While a pet rock might not offer profound insights, finding humor in life and embracing the simple pleasures can contribute to overall happiness.",Quora
129,How do I deal with procrastination?,"Procrastination? Oh, that mythical creature we've all heard about but never encountered. Just kidding, the trick is to set deadlines and then ignore them.","Overcome procrastination by breaking tasks into smaller, manageable steps, setting realistic deadlines, and eliminating distractions. Practice self-discipline and consider seeking an accountability partner. Ignoring deadlines might work for some, but it's not a sustainable strategy in the long run.",Quora
130,What's the best way to impress my boss?,Easy – become their personal stand-up comedian! Who needs actual work when you can have your boss rolling on the floor with laughter?,"Impress your boss by consistently delivering high-quality work, showing initiative, and being a reliable team player. While humor has its place, focusing on professional competence and effective communication will likely leave a more lasting impression in the workplace.",Quora
131,How can I become a morning person?,"Ah, the elusive morning person status! Just set your alarm across the room, chug a gallon of coffee, and pray for a miracle.","Transition to becoming a morning person gradually by establishing a consistent sleep schedule, creating a relaxing bedtime routine, and exposing yourself to natural light in the morning. Limit caffeine intake in the evening, and avoid electronic devices before bedtime. Setting the alarm across the room might help, but a gentle wake-up routine is more sustainable.",Quora
132,What's the key to a successful business?,"Easy – start a lemonade stand and hope for the best! If that fails, resort to a get-rich-quick scheme involving dancing hamsters.","Build a successful business by conducting thorough market research, creating a solid business plan, providing value to customers, and adapting to changing circumstances. While lemonade stands are a nostalgic memory, a more strategic and thoughtful approach is recommended for long-term success.",Quora
133,How can I become a social media influencer?,"Step 1: Take a thousand selfies a day. Step 2: Post them with inspirational quotes like ""Life is a filter – choose wisely."" Step 3: Wait for fame and fortune to knock on your door.","Build a genuine online presence by identifying your niche, creating quality content, engaging with your audience, and collaborating with others in your field. Success in social media influencing requires authenticity and dedication, not just a flood of selfies and filtered quotes.",Quora
134,How do I stay fit and healthy?,"Oh, you know, the usual – eat kale smoothies for breakfast, run a marathon before lunch, and bench press a car for dinner. Easy peasy, right?","Maintaining a healthy lifestyle involves a balanced diet, regular exercise, and adequate sleep. It's not about turning into a kale-chomping superhero overnight, but small, sustainable changes. If only kale smoothies tasted as good as they sound.",Quora
135,What's the secret to a successful marriage?,"Simple, just nod and smile through everything. And when in doubt, blame it on the dog – works like a charm.","Successful marriages thrive on communication, understanding, and compromise. It's not about perfect nods and blame-shifting, but building a strong foundation based on trust and love. Though blaming the dog can be a tempting escape strategy, it's not a long-term solution.",Quora
136,How can I become a millionaire?,"Step one: Inherit a fortune. Step two: Profit. If that doesn't work, maybe buy a lottery ticket or three?","While inheriting a fortune might be a bit out of reach for most, building wealth often involves strategic financial planning, investments, and a good dose of patience. No guarantees with the lottery, though – you might have better luck chasing unicorns.",Quora
137,What's the key to happiness?,"Clearly, it's unlimited chocolate and a Netflix subscription. Who needs profound meaning when you have a cozy blanket and a tub of ice cream?","The key to happiness lies in meaningful relationships, personal growth, and finding purpose. While chocolate and Netflix can be delightful, they're more like temporary mood boosters. Sustainable happiness comes from a deeper, more fulfilling journey.",Quora
138,How do I deal with stress at work?,"Simple – take up yelling at your office plant as a stress-relief technique. It won't solve anything, but at least the plant won't file a complaint.","Managing work stress involves effective time management, setting boundaries, and seeking support. Yelling at the office plant might provide a brief release, but it's unlikely to impress your colleagues or improve your work environment. Maybe try deep breathing instead?",Quora
139,What's the best way to make friends?,"Easy, just stand in the middle of a crowded street with a ""Free Hugs"" sign. If that doesn't work, try yelling ""Friendship, anyone?"" loudly.","Building genuine friendships involves shared interests, open communication, and being authentic. While the ""Free Hugs"" sign might attract attention, it's the connections you forge through common interests and genuine conversations that lead to lasting friendships. Yelling might work in movies, but real life tends to prefer a more subtle approach.",Quora
140,How can I become a morning person?,"Step one: Set 10 alarms, strategically placed across the room. Step two: Embrace the cold shower wakeup call. Step three: Pray for coffee.","Transitioning into a morning person requires consistency, creating a bedtime routine, and gradually adjusting your waking time. While alarms and cold showers can jolt you awake, establishing a healthy sleep pattern and finding joy in your morning routine can make waking up early a more sustainable habit. And yes, coffee is always a good idea.",Quora
141,What's the key to acing exams?,"Memorize everything the night before, fueled by copious amounts of caffeine. Who needs sleep when you can have a panic-induced adrenaline rush?","Acing exams involves effective study techniques, understanding the material, and consistent preparation. While last-minute cramming might work for some, a more sustainable approach includes regular revision, practice exams, and a healthy balance of sleep and caffeine. Panic-induced adrenaline rushes might be memorable, but they're not the most reliable exam strategy.",Quora
142,How can I master the art of small talk?,Step one: Memorize a list of generic compliments. Step two: Smile and nod vigorously. Step three: Hope for the best.,"Mastering small talk involves active listening, asking open-ended questions, and finding common ground. While compliments and nods can play a role, genuine interest in the other person and authentic conversation go a long way. Small talk isn't about scripted lines but creating a comfortable space for connection.",Quora
143,What's the secret to a happy workplace?,"Clearly, it's an office petting zoo. Who wouldn't be happy surrounded by puppies and kittens during a Monday meeting?","A happy workplace stems from a positive culture, effective communication, and a sense of purpose. While an office petting zoo might be a dream for many, fostering a supportive environment where employees feel valued and engaged contributes more to overall workplace happiness. Maybe a designated ""pet day"" could be a compromise?",Quora
144,What's the best way to handle a breakup?,"Easy – drown your sorrows in ice cream and binge-watch romantic movies. Because nothing says healing like a pint of Ben & Jerry's and a good cry, right?","Handling a breakup involves self-reflection, self-care, and leaning on a support system. While ice cream and movie marathons can be comforting, the real healing comes from understanding and processing emotions, learning from the experience, and focusing on personal growth. Besides, Ben & Jerry's can only do so much for a broken heart.",Quora
145,How do I become a social media influencer?,Step one: Take a million selfies. Step two: Use at least ten hashtags per post. Step three: Wait for fame to knock on your door.,"Becoming a social media influencer requires creating valuable content, engaging with your audience, and building a personal brand. While selfies and hashtags can play a role, authenticity and genuine connection with followers are key. Instead of waiting for fame, actively participate in relevant communities, collaborate with others, and continuously refine your content strategy.",Quora
146,What's the secret to a perfect selfie?,"Easy – find the perfect lighting, angle, and filter that makes you look like a supermodel. Who cares about reality when you can have flawless virtual perfection?","Taking a great selfie involves good lighting, finding your best angle, and expressing confidence. While filters can add a fun touch, embracing authenticity and showcasing your unique personality can make your selfies stand out. Remember, perfection is subjective, and real beauty shines through when you feel comfortable and confident in your own skin.",Quora
147,How do I survive a family reunion?,"Simple – fake a sudden illness and retreat to the safety of your room. Who needs awkward family conversations when you can have a solo Netflix party, right?","Surviving a family reunion involves setting boundaries, finding common ground, and practicing patience. While the idea of a sudden illness might bring temporary relief, engaging with family members and creating positive memories can make the experience more enjoyable. Plus, you never know – those awkward conversations might turn into cherished family anecdotes in the future.",Quora
148,What's the key to a successful New Year's resolution?,"Set unrealistic goals, forget about them by February, and blame it on the universe. It's the circle of New Year's resolutions.","Achieving New Year's resolutions involves setting realistic goals, creating a plan, and staying accountable. While setting lofty aspirations can be exciting, breaking them down into manageable steps and celebrating small victories increases the likelihood of success. Blaming the universe might be tempting, but taking responsibility for your actions can lead to a more fulfilling journey of self-improvement.",Quora
149,How do I deal with a difficult boss?,Simple – master the art of invisible desk camouflage and perfect the art of nodding without really listening. It's like dealing with a particularly grumpy garden gnome.,"Dealing with a difficult boss involves effective communication, understanding their perspective, and setting boundaries. While invisible desk camouflage might provide a momentary escape, addressing issues directly and finding common ground can lead to a healthier work relationship. Remember, gnomes might be tricky, but real-life bosses usually respond better to open dialogue and collaboration.",Quora